Workbook

Sheet Read me
A1: FreeITSM test plan - new suites
A3: These are the NEW suites for the work delivered in phases 12a, 12b, 12c, 13a, 13b and 14a.
A4: They are supplied as a separate workbook because freeitsm-test-plan.xlsx is not held in the
A5: repository and was not available to this session, so the existing suites could not be edited
A6: in place. Paste these sheets into the master workbook as new tabs, or append the rows to the
A7: existing case list.
A9: BEFORE MERGING - two things to align:
A10: 1. Suite numbering starts at 26, assuming the master ends at 25. Renumber if that is wrong.
A11: 2. Case IDs use the form TC-26-001. Change the prefix to match the master's convention.
A13: Counts are on the Summary sheet and are computed, so they stay right if you add or remove rows.
A15: How to use
A16: Deploy, run Database Verify, then load database/demo-csv/ so there is data to test against.
... A26: shows the Summary as blank or zero, open the workbook in Excel and the figures appear.

Sheet Summary
A1: New suites - summary
A3: Suite | B3: Name | C3: Phase | D3: Cases | E3: High | F3: Pass | G3: Fail | H3: Blocked
A4: 26 | B4: Reading-pane sections | C4: 12a | D4: =COUNTA('S26 Reading-pane sections'!$A$2:$A$200) | E4: =COUNTIF('S26 Reading-pane sections'!$H$2:$H$200,"High") | F4: =COUNTIF('S26 Reading-pane sections'!$J$2:$J$200,"Pass") | G4: =COUNTIF('S26 Reading-pane sections'!$J$2:$J$200,"Fail") | H4: =COUNTIF('S26 Reading-pane sections'!$J$2:$J$200,"Blocked")
A5: 27 | B5: Automatic time tracking | C5: 12b | D5: =COUNTA('S27 Automatic time tracking'!$A$2:$A$200) | E5: =COUNTIF('S27 Automatic time tracking'!$H$2:$H$200,"High") | F5: =COUNTIF('S27 Automatic time tracking'!$J$2:$J$200,"Pass") | G5: =COUNTIF('S27 Automatic time tracking'!$J$2:$J$200,"Fail") | H5: =COUNTIF('S27 Automatic time tracking'!$J$2:$J$200,"Blocked")
A6: 28 | B6: Category hierarchy per ticket type | C6: 12c | D6: =COUNTA('S28 Category hierarchy per tick'!$A$2:$A$200) | E6: =COUNTIF('S28 Category hierarchy per tick'!$H$2:$H$200,"High") | F6: =COUNTIF('S28 Category hierarchy per tick'!$J$2:$J$200,"Pass") | G6: =COUNTIF('S28 Category hierarchy per tick'!$J$2:$J$200,"Fail") | H6: =COUNTIF('S28 Category hierarchy per tick'!$J$2:$J$200,"Blocked")
A7: 29 | B7: Customer contacts | C7: 13a | D7: =COUNTA('S29 Customer contacts'!$A$2:$A$200) | E7: =COUNTIF('S29 Customer contacts'!$H$2:$H$200,"High") | F7: =COUNTIF('S29 Customer contacts'!$J$2:$J$200,"Pass") | G7: =COUNTIF('S29 Customer contacts'!$J$2:$J$200,"Fail") | H7: =COUNTIF('S29 Customer contacts'!$J$2:$J$200,"Blocked")
A8: 30 | B8: Portal users linked to customers | C8: 13b | D8: =COUNTA('S30 Portal users linked to cust'!$A$2:$A$200) | E8: =COUNTIF('S30 Portal users linked to cust'!$H$2:$H$200,"High") | F8: =COUNTIF('S30 Portal users linked to cust'!$J$2:$J$200,"Pass") | G8: =COUNTIF('S30 Portal users linked to cust'!$J$2:$J$200,"Fail") | H8: =COUNTIF('S30 Portal users linked to cust'!$J$2:$J$200,"Blocked")
A9: 31 | B9: Knowledge KPIs computed | C9: 14a | D9: =COUNTA('S31 Knowledge KPIs computed'!$A$2:$A$200) | E9: =COUNTIF('S31 Knowledge KPIs computed'!$H$2:$H$200,"High") | F9: =COUNTIF('S31 Knowledge KPIs computed'!$J$2:$J$200,"Pass") | G9: =COUNTIF('S31 Knowledge KPIs computed'!$J$2:$J$200,"Fail") | H9: =COUNTIF('S31 Knowledge KPIs computed'!$J$2:$J$200,"Blocked")
A10: 32 | B10: Deploy, schema and regression | C10: All | D10: =COUNTA('S32 Deploy, schema and regressi'!$A$2:$A$200) | E10: =COUNTIF('S32 Deploy, schema and regressi'!$H$2:$H$200,"High") | F10: =COUNTIF('S32 Deploy, schema and regressi'!$J$2:$J$200,"Pass") | G10: =COUNTIF('S32 Deploy, schema and regressi'!$J$2:$J$200,"Fail") | H10: =COUNTIF('S32 Deploy, schema and regressi'!$J$2:$J$200,"Blocked")
B11: Total new cases | D11: =SUM(D4:D10) | E11: =SUM(E4:E10) | F11: =SUM(F4:F10) | G11: =SUM(G4:G10) | H11: =SUM(H4:H10)
A13: Counts are formulas over each suite sheet, so they stay correct if you add or remove rows.
A14: Suite numbering assumes the master workbook ends at suite 25 - renumber before merging if not.
A15: Source: cases written from the delivered code for phases 12a, 12b, 12c, 13a, 13b and 14a.

Sheet S26 Reading-pane sections
A1: Case ID | B1: Suite | C1: Area | D1: Title | E1: Preconditions | F1: Steps | G1: Expected result | H1: Priority | I1: Phase | J1: Result | K1: Tester | L1: Notes
A2: TC-26-001 | B2: Reading-pane sections | C2: Layout | D2: All five reading-pane sections render as collapsible shells | E2: A ticket with CMDB objects, custom fields, an SLA policy, time entries and notes | F2: Open the ticket in the reading pane and scroll the detail column. | G2: CMDB objects, Custom fields, SLA, Time entries and Notes each render as one collapsible section with a chevron, title and summary. No section uses the old hand-rolled header. | H2: High | I2: 12a
A3: TC-26-002 | B3: Reading-pane sections | C3: Defaults | D3: SLA is the only section open by default | E3: An analyst who has never toggled a section (clear localStorage first) | F3: Clear localStorage for the site, reload the inbox and open any ticket. | G3: SLA is expanded. CMDB objects, Custom fields, Time entries and Notes are collapsed. | H3: High | I3: 12a
A4: TC-26-003 | B4: Reading-pane sections | C4: Summary | D4: Collapsed CMDB summary names the count and the primary CI | E4: A ticket with 3 linked CIs, one marked primary | F4: Collapse the CMDB objects section and read the header. | G4: Header summary reads in the form '3 items - primary: SRV-DC01'. | H4: Medium | I4: 12a
A5: TC-26-004 | B5: Reading-pane sections | C5: Summary | D5: Collapsed custom-fields summary names set and missing counts | E5: A ticket type with 7 custom fields, 4 populated, 1 of the empty ones required | F5: Collapse the Custom fields section and read the header. | G5: Header summary reads in the form '4 of 7 set - 1 required missing'. | H5: Medium | I5: 12a
A6: TC-26-005 | B6: Reading-pane sections | C6: Summary | D6: Collapsed SLA summary names both clocks | E6: A ticket whose response target is met and whose resolution target is still running | F6: Collapse the SLA section and read the header. | G6: Header summary reads in the form 'Response met - Resolution 2h 10m left'. | H6: Medium | I6: 12a
A7: TC-26-006 | B7: Reading-pane sections | C7: Summary | D7: Collapsed time summary names total and entry count | E7: A ticket with 5 time entries totalling 3h 45m | F7: Collapse the Time entries section and read the header. | G7: Header summary reads in the form '3h 45m - 5 entries'. | H7: Medium | I7: 12a
A8: TC-26-007 | B8: Reading-pane sections | C8: Summary | D8: Collapsed notes summary names the note count | E8: A ticket with at least one note | F8: Collapse the Notes section and read the header. | G8: Header summary states how many notes exist. | H8: Low | I8: 12a
A9: TC-26-008 | B9: Reading-pane sections | C9: Persistence | D9: Expanded/collapsed state survives a reload | E9: Any ticket | F9: Expand Time entries, collapse SLA, reload the page and reopen the same ticket. | G9: Time entries is expanded and SLA is collapsed. The state applies to every ticket, not just this one. | H9: High | I9: 12a
A10: TC-26-009 | B10: Reading-pane sections | C10: Persistence | D10: State is per analyst, not global | E10: Two analyst accounts on different browsers or profiles | F10: As analyst A collapse SLA. Log in as analyst B on a separate browser profile and open a ticket. | G10: Analyst B sees the shipped defaults (SLA open). Analyst A's choice did not follow them. | H10: Medium | I10: 12a
A11: TC-26-010 | B11: Reading-pane sections | C11: Persistence | D11: A private/incognito window falls back to defaults without erroring | E11: Browser configured to block storage | F11: Open the inbox in a private window with storage blocked and open a ticket. | G11: Sections render with default state, toggling still works for the session, no console exception. | H11: Low | I11: 12a
A12: TC-26-011 | B12: Reading-pane sections | C12: Pop-out | D12: Pop-out ticket view shows the same sections | E12: Any ticket | F12: Open a ticket, pop it out to its own window, and inspect the detail column. | G12: The same five collapsible sections render correctly, with the pop-out's own CSS overrides applied and no broken layout. | H12: High | I12: 12a
A13: TC-26-012 | B13: Reading-pane sections | C13: Interaction | D13: Toggling one section leaves the others alone | E13: Any ticket with all sections present | F13: Expand and collapse each section in turn. | G13: Only the clicked section changes. Clicking a button inside a section header does not toggle the section. | H13: Medium | I13: 12a

Sheet S27 Automatic time tracking
A1: Case ID | B1: Suite | C1: Area | D1: Title | E1: Preconditions | F1: Steps | G1: Expected result | H1: Priority | I1: Phase | J1: Result | K1: Tester | L1: Notes
A2: TC-27-001 | B2: Automatic time tracking | C2: Setup | D2: Database Verify creates the tracking schema and settings | E2: An install upgraded to this release | F2: Run Database Verify, then 'docker compose exec app php scripts/check-view-time.php'. | G2: ticket_view_sessions and ticket_time_entries.source are present; time_auto_track_enabled=1, time_auto_idle_seconds=300, time_auto_min_seconds=30. Script reports no configuration problems. | H2: High | I2: 12b
A3: TC-27-002 | B3: Automatic time tracking | C3: Setup | D3: Diagnostic names the fault when the table is missing | E3: An install where Database Verify has NOT been run | F3: Run scripts/check-view-time.php. | G3: It reports ticket_view_sessions MISSING, names Database Verify as the fix, and exits non-zero. | H3: Medium | I3: 12b
A4: TC-27-003 | B4: Automatic time tracking | C4: Setup | D4: Pane warns once in the console when nothing is being recorded | E4: An install where ticket_view_sessions does not exist | F4: Open a ticket, open the browser console, wait 40 seconds. | G4: One '[view-time]' warning appears saying beats reach the server but record nothing. It is not repeated on every beat. | H4: Medium | I4: 12b
A5: TC-27-004 | B5: Automatic time tracking | C5: Accrual | D5: Time accrues while the ticket is open, visible and being used | E5: Tracking enabled | F5: Open a ticket, keep the tab focused and move the mouse periodically for 3 minutes. | G5: check-view-time.php shows a session for that analyst and ticket with roughly 180 focused seconds. | H5: High | I5: 12b
A6: TC-27-005 | B6: Automatic time tracking | C6: Accrual | D6: A hidden tab does not accrue | E6: Tracking enabled | F6: Open a ticket, switch to another browser tab for 3 minutes, return. | G6: The session grows by at most the tail flushed at the moment of switching, not by the 3 minutes spent away. | H6: High | I6: 12b
A7: TC-27-006 | B7: Automatic time tracking | C7: Accrual | D7: Idle beyond the threshold does not accrue | E7: time_auto_idle_seconds = 300 | F7: Open a ticket, leave the tab focused but do not touch the mouse or keyboard for 10 minutes. | G7: No more than about 2 minutes is added; the remaining idle time is not counted. | H7: High | I7: 12b
A8: TC-27-007 | B8: Automatic time tracking | C8: Accrual | D8: A ticket left open overnight proposes nothing for the night | E8: Tracking enabled | F8: Open a ticket, leave the machine untouched overnight, return in the morning. | G8: The proposal reflects only the minutes actually worked, not the elapsed hours. | H8: High | I8: 12b
A9: TC-27-008 | B9: Automatic time tracking | C9: Accrual | D9: A single beat cannot claim more than its interval | E9: Tracking enabled | F9: Open a ticket, suspend the machine for 30 minutes, resume with the tab still focused. | G9: The session gains at most ~120 seconds for the resumed beat, not 30 minutes. | H9: High | I9: 12b
A10: TC-27-009 | B10: Automatic time tracking | C10: Proposal | D10: The offer appears during the same sitting that earns it | E10: Tracking enabled; a ticket with no unclaimed time | F10: Open a ticket and work in it continuously for 1 minute WITHOUT leaving or reloading. | G10: REGRESSION: the Time section opens itself and shows 'You have had this ticket open for...' with an editable figure, Log it and Discard. It must NOT require navigating away and back. | H10: High | I10: 12b
A11: TC-27-010 | B11: Automatic time tracking | C11: Proposal | D11: The collapsed header flags unlogged tracked time | E11: A ticket with tracked time above the threshold | F11: Collapse the Time entries section. | G11: The header summary carries a highlighted 'Xm tracked, not logged' fragment, and its figure keeps rising as time accrues. | H11: Medium | I11: 12b
A12: TC-27-011 | B12: Automatic time tracking | C12: Proposal | D12: The running figure updates without clobbering a typed value | E12: A visible proposal | F12: Type a different number into the proposal's minutes box and wait for two more heartbeats. | G12: The typed number is preserved. The prose figure and header still update. | H12: Medium | I12: 12b
A13: TC-27-012 | B13: Automatic time tracking | C13: Proposal | D13: Nothing is proposed below the minimum | E13: time_auto_min_seconds = 30 | F13: Open a ticket, interact for about 10 seconds, switch to another ticket, return. | G13: No proposal is offered. check-view-time.php shows a session of ~10 seconds and notes it is under the minimum. | H13: High | I13: 12b
... A24: TC-27-023 | B24: Automatic time tracking | C24: Settings | D24: A pre-verify install keeps its old threshold | E24: An install with time_auto_min_minutes = 2 and no time_auto_min_seconds | F24: Deploy the code but do NOT run Database Verify. Run check-view-time.php. | G24: It reports a 120s floor carried over from the old setting and names Database Verify as the way to get 30s. Behaviour does not change silently on deploy. | H24: Medium | I24: 12b

Sheet S28 Category hierarchy per tick
A1: Case ID | B1: Suite | C1: Area | D1: Title | E1: Preconditions | F1: Steps | G1: Expected result | H1: Priority | I1: Phase | J1: Result | K1: Tester | L1: Notes
A2: TC-28-001 | B2: Category hierarchy per ticket type | C2: Setup | D2: Database Verify adds the type column and the Event type | E2: An install upgraded to this release with the original three ticket types | F2: Run Database Verify, then open Tickets > Settings > Ticket types. | G2: ticket_categories.ticket_type_id exists. Incident, Service Request, Question and Event are all listed. | H2: High | I2: 12c
A3: TC-28-002 | B3: Category hierarchy per ticket type | C3: Setup | D3: A deliberately deleted Event type is not resurrected | E3: Event seeded by a previous verify | F3: Delete the Event ticket type, then run Database Verify again. | G3: Event stays deleted. The verify does not re-add it. | H3: Medium | I3: 12c
A4: TC-28-003 | B4: Category hierarchy per ticket type | C4: Migration | D4: Existing categories remain available on every type | E4: An install with categories created before this release | F4: Run Database Verify and open any ticket. | G4: Every pre-existing category is still offered on every ticket type. No ticket's category has changed. | H4: High | I4: 12c
A5: TC-28-004 | B5: Category hierarchy per ticket type | C5: Settings | D5: The categories list shows a Ticket type column | E5: Any install after verify | F5: Open Tickets > Settings > Categories. | G5: A 'Ticket type' column reads 'Every ticket type' for unscoped categories and the type's NAME (not an id) for scoped ones. | H5: High | I5: 12c
A6: TC-28-005 | B6: Category hierarchy per ticket type | C6: Settings | D6: A category can be narrowed to one type | E6: A category called 'Hardware fault' | F6: Edit the category, set 'Available on' to Incident, save, and reopen the list. | G6: The category saves and its Ticket type column reads Incident. | H6: High | I6: 12c
A7: TC-28-006 | B7: Category hierarchy per ticket type | C7: Settings | D7: A category can be widened back to every type | E7: A category scoped to Incident | F7: Edit it, set 'Available on' back to 'Every ticket type', save. | G7: The column reads 'Every ticket type' and the category is offered on all types again. | H7: Medium | I7: 12c
A8: TC-28-007 | B8: Category hierarchy per ticket type | C8: Settings | D8: The scope picker only appears for categories | E8: Any install | F8: Open the add/edit modal for a department, ticket type, status and priority in turn. | G8: The 'Available on' field is shown only for categories. | H8: Low | I8: 12c
A9: TC-28-008 | B9: Category hierarchy per ticket type | C9: Reading pane | D9: The category picker is narrowed by the ticket's type | E9: 'Hardware fault' scoped to Incident; the ticket is a Service Request | F9: Open the ticket and open the Category dropdown. | G9: 'Hardware fault' is absent. Every unscoped category is present. | H9: High | I9: 12c
A10: TC-28-009 | B10: Category hierarchy per ticket type | C10: Reading pane | D10: Changing the type re-narrows the picker immediately | E10: As above | F10: Change the ticket's type from Service Request to Incident, then open the Category dropdown. | G10: 'Hardware fault' is now offered, without needing a page reload. | H10: High | I10: 12c
A11: TC-28-010 | B11: Category hierarchy per ticket type | C11: Reading pane | D11: A type change clears a category the new type does not allow | E11: A ticket of type Incident with category 'Hardware fault' (Incident-only) | F11: Change the ticket's type to Question. | G11: The category clears, a toast names the category and the new type, and the picker reloads. | H11: High | I11: 12c
A12: TC-28-011 | B12: Category hierarchy per ticket type | C12: Reading pane | D12: The clear is recorded in the audit trail | E12: As above, with a subcategory also set | F12: After the type change, open the ticket's Activity/audit tab. | G12: Two rows: Category set to empty, and Subcategory set to empty. The ticket-type change is recorded as well. | H12: High | I12: 12c
A13: TC-28-012 | B13: Category hierarchy per ticket type | C13: Reading pane | D13: A subcategory never outlives its category | E13: A ticket with a category and subcategory, cleared by a type change | F13: Inspect the ticket after the clear. | G13: Both category and subcategory are empty. No orphan subcategory remains. | H13: High | I13: 12c
... A25: TC-28-024 | B25: Category hierarchy per ticket type | C25: Pre-verify | D25: The app behaves as before if Database Verify has not run | E25: Code deployed, verify NOT run | F25: Open a ticket, change its type, open the category picker. | G25: Every category is offered on every type; nothing errors and no category is cleared. | H25: High | I25: 12c

Sheet S29 Customer contacts
A1: Case ID | B1: Suite | C1: Area | D1: Title | E1: Preconditions | F1: Steps | G1: Expected result | H1: Priority | I1: Phase | J1: Result | K1: Tester | L1: Notes
A2: TC-29-001 | B2: Customer contacts | C2: Migration | D2: Verify migrates each customer's inline contact in as its default | E2: Customers with contact_name/email/phone populated | F2: Run Database Verify and read the output. | G2: A line reports how many customer contacts were migrated. The count matches the number of customers that had contact details. | H2: High | I2: 13a
A3: TC-29-002 | B3: Customer contacts | C3: Migration | D3: Re-running the verify adds nothing | E3: Migration already run | F3: Run Database Verify a second time and re-check the contact count. | G3: No further contacts are created; no duplicates appear. | H3: High | I3: 13a
A4: TC-29-003 | B4: Customer contacts | C4: Migration | D4: A customer with no contact details gets no contact | E4: A customer with all three contact fields empty | F4: Run Database Verify and open that customer. | G4: It has no contacts and no nameless placeholder row. | H4: Medium | I4: 13a
A5: TC-29-004 | B5: Customer contacts | C5: Migration | D5: A contact deleted after migration is not resurrected | E5: Migration run, then the only contact deleted | F5: Run Database Verify again. | G5: The contact is not re-created. | H5: Medium | I5: 13a
A6: TC-29-005 | B6: Customer contacts | C6: Panel | D6: The contacts panel lists contacts with the default badged | E6: A customer with three contacts | F6: Open the customer page. | G6: All three list with name, job title, email and phone. Exactly one carries a Default badge. | H6: High | I6: 13a
A7: TC-29-006 | B7: Customer contacts | C7: Panel | D7: A contact can be added | E7: Any customer | F7: Use Add contact, fill name/title/email/phone, save. | G7: The contact appears in the list. | H7: High | I7: 13a
A8: TC-29-007 | B8: Customer contacts | C8: Panel | D8: A customer's first contact becomes the default automatically | E8: A customer with no contacts | F8: Add one contact without ticking Default. | G8: It is created AND marked default, and the customer's contact fields mirror it. | H8: High | I8: 13a
A9: TC-29-008 | B9: Customer contacts | C9: Panel | D9: Make default demotes the previous holder | E9: A customer with two contacts | F9: Click Make default on the non-default one. | G9: The badge moves. Exactly one contact is default. | H9: High | I9: 13a
A10: TC-29-009 | B10: Customer contacts | C10: Mirror | D10: The customer's contact fields track the default | E10: A customer with two contacts | F10: Change which contact is default, then reload the customer page and inspect the top contact fields. | G10: Contact name, email and phone show the NEW default's details. | H10: High | I10: 13a
A11: TC-29-010 | B11: Customer contacts | C11: Mirror | D11: Editing the customer form edits the default contact | E11: A customer with a default contact | F11: Change the contact email on the customer form, save, then open the contacts panel. | G11: The default contact's email has changed to match. The two did not drift apart. | H11: High | I11: 13a
A12: TC-29-011 | B12: Customer contacts | C12: Mirror | D12: A new customer's contact details become its first contact | E12: No customer yet | F12: Create a customer, filling in contact name and email. Save, then reopen it. | G12: A default contact exists carrying those details. | H12: High | I12: 13a
A13: TC-29-012 | B13: Customer contacts | C13: Mirror | D13: Exports and pickers still read the mirrored columns | E13: A customer with several contacts | F13: Export customers, and open the ticket customer picker. | G13: Both show the default contact's details, exactly as before this release. | H13: High | I13: 13a
... A24: TC-29-023 | B24: Customer contacts | C24: Pre-verify | D24: The customer page works before Database Verify | E24: Code deployed, verify NOT run | F24: Open the customers page and a ticket with a customer. | G24: The single inline contact shows as before; the contacts panel explains that Database Verify is needed. Nothing errors. | H24: High | I24: 13a

Sheet S30 Portal users linked to cust
A1: Case ID | B1: Suite | C1: Area | D1: Title | E1: Preconditions | F1: Steps | G1: Expected result | H1: Priority | I1: Phase | J1: Result | K1: Tester | L1: Notes
A2: TC-30-001 | B2: Portal users linked to customers | C2: Setup | D2: Database Verify adds the user link | E2: An install upgraded to this release | F2: Run Database Verify, then open a customer page. | G2: users.customer_id exists and a Portal users panel appears. | H2: High | I2: 13b
A3: TC-30-002 | B3: Portal users linked to customers | C3: Panel | D3: Linked users are listed | E3: A customer with linked users | F3: Open the customer page. | G3: Each linked user lists with display name and email. | H3: High | I3: 13b
A4: TC-30-003 | B4: Portal users linked to customers | C4: Link | D4: An existing user can be linked by email | E4: A self-registered portal user not attached to any customer | F4: Use Link existing user, enter their email, submit. | G4: They appear in the panel. | H4: High | I4: 13b
A5: TC-30-004 | B5: Portal users linked to customers | C5: Link | D5: An unknown email is reported, not silently ignored | E5: Any customer | F5: Link an email address that has no portal user. | G5: An error says no portal user has that address. Nothing is created. | H5: High | I5: 13b
A6: TC-30-005 | B6: Portal users linked to customers | C6: Link | D6: A user already linked elsewhere is refused by name | E6: A user linked to customer 'Acme' | F6: Try to link that user to customer 'Beta'. | G6: The error names Acme and says to unlink them there first. The link is not moved. | H6: High | I6: 13b
A7: TC-30-006 | B7: Portal users linked to customers | C7: Link | D7: Unlinking keeps the account | E7: A linked user | F7: Click Unlink and confirm. | G7: They leave the panel but the portal account still exists and can still log in. | H7: High | I7: 13b
A8: TC-30-007 | B8: Portal users linked to customers | C8: Create | D8: A user can be created inline, without a password | E8: Any customer | F8: Use Create user, supply email and display name, submit. | G8: The user appears in the panel carrying a 'Not signed up' badge. No password was requested or shown. | H8: High | I8: 13b
A9: TC-30-008 | B9: Portal users linked to customers | C9: Create | D9: The account can be claimed from the portal | E9: A created, unclaimed user | F9: On the self-service portal, register with that exact email address and choose a password. | G9: Registration succeeds by CLAIMING the existing row, not creating a second user. The customer link survives. | H9: High | I9: 13b
A10: TC-30-009 | B10: Portal users linked to customers | C10: Create | D10: The badge clears once the account is claimed | E10: As above | F10: Reopen the customer page. | G10: The 'Not signed up' badge is gone. | H10: Medium | I10: 13b
A11: TC-30-010 | B11: Portal users linked to customers | C11: Create | D11: An analyst's address is refused | E11: An analyst account with a known email | F11: Try to create a portal user with that address. | G11: It is refused with a message that the address belongs to an analyst account. | H11: High | I11: 13b
A12: TC-30-011 | B12: Portal users linked to customers | C12: Create | D12: An existing unattached user is linked rather than duplicated | E12: An unattached portal user | F12: Use Create user with that same email. | G12: The existing account is linked to the customer. No second user row is created and no unique-index error is shown. | H12: High | I12: 13b
A13: TC-30-012 | B13: Portal users linked to customers | C13: Create | D13: A user belonging to another customer is refused | E13: A user linked to another customer | F13: Use Create user with that email. | G13: It is refused, saying they already belong to another customer. | H13: High | I13: 13b
... A19: TC-30-018 | B19: Portal users linked to customers | C19: Pre-verify | D19: The customer page works before Database Verify | E19: Code deployed, verify NOT run | F19: Open a customer page. | G19: The Portal users panel explains that Database Verify is needed. Nothing errors. | H19: High | I19: 13b

Sheet S31 Knowledge KPIs computed
A1: Case ID | B1: Suite | C1: Area | D1: Title | E1: Preconditions | F1: Steps | G1: Expected result | H1: Priority | I1: Phase | J1: Result | K1: Tester | L1: Notes
A2: TC-31-001 | B2: Knowledge KPIs computed | C2: Status | D2: The three knowledge metrics report as computed | E2: An install upgraded to this release | F2: Run Database Verify, then open the KPI scorecard and inspect the source badges. | G2: The three 'Knowledge base articles' metrics show Ready, not Manual. | H2: High | I2: 14a
A3: TC-31-002 | B3: Knowledge KPIs computed | C3: Status | D3: A fresh install also reports them as computed | E3: A brand-new database created from database/freeitsm.sql | F3: Run Database Verify on the fresh install and inspect the same metrics. | G3: They are Ready. The seed values, not only the upgrade path, carry the computed status. | H3: High | I3: 14a
A4: TC-31-003 | B4: Knowledge KPIs computed | C4: Calculation | D4: Articles created in the month count against the author's tier | E4: KB articles created this month by authors of known tiers | F4: Run cron/kpi_snapshot.php for the current period and read the scorecard. | G4: Each tier's figure matches the number of articles created that month by authors of that tier. | H4: High | I4: 14a
A5: TC-31-004 | B5: Knowledge KPIs computed | C5: Calculation | D5: Versions saved in the month also count | E5: An article created in a previous month, revised this month | F5: Re-run the snapshot for this month. | G5: The revision counts towards the saver's tier for this month. | H5: High | I5: 14a
A6: TC-31-005 | B6: Knowledge KPIs computed | C6: Calculation | D6: One article revised repeatedly counts once | E6: An article revised three times this month by the same author | F6: Re-run the snapshot and read the figure. | G6: It contributes 1, not 3. Results are de-duplicated per article. | H6: High | I6: 14a
A7: TC-31-006 | B7: Knowledge KPIs computed | C7: Scope | D7: Playbook coverage stays a manual metric | E7: Any install | F7: Inspect the 'Playbook coverage & currency' metric. | G7: It remains Manual. Playbooks are not KB articles and were not switched to computed. | H7: Medium | I7: 14a

Sheet S32 Deploy, schema and regressi
A1: Case ID | B1: Suite | C1: Area | D1: Title | E1: Preconditions | F1: Steps | G1: Expected result | H1: Priority | I1: Phase | J1: Result | K1: Tester | L1: Notes
A2: TC-32-001 | B2: Deploy, schema and regression | C2: Deploy | D2: Database Verify completes cleanly in one pass | E2: An install upgraded to this release | F2: Run Database Verify and read the whole output. | G2: No errors. It reports the category type column, the Event type, customer_contacts and its migration count, tickets.customer_contact_id, and users.customer_id. | H2: High | I2: All
A3: TC-32-002 | B3: Deploy, schema and regression | C3: Deploy | D3: The image is rebuilt, not just pulled | E3: A server running the previous release | F3: Run 'git pull && docker compose up --build -d'. | G3: The served code is the new version. Confirm the inbox loads assets/js/inbox.js at the current ?v= number. | H3: High | I3: All
A4: TC-32-003 | B4: Deploy, schema and regression | C4: Regression | D4: Every PHP file parses | E4: The deployed source tree | F4: Run a php -l sweep over every .php file in the repo. | G4: No parse errors. This is the check that would have caught the data_import.php fatal. | H4: High | I4: All
A5: TC-32-004 | B5: Deploy, schema and regression | C5: Regression | D5: The mass import screen opens | E5: Any install | F5: Open System > Import. | G5: The dataset picker renders. REGRESSION: includes/data_import.php was previously fatal on include, taking this screen out entirely. | H5: High | I5: All
A6: TC-32-005 | B6: Deploy, schema and regression | C6: Regression | D6: The migration path loads | E6: Any install | F6: Open System > Migrate and choose a source preset. | G6: The migration screen loads and can analyse a file. It delegates to data_import.php, so it shared that fatal. | H6: High | I6: All
A7: TC-32-006 | B7: Deploy, schema and regression | C7: Regression | D7: Existing ticket suites still pass against the new layout | E7: The existing reading-pane test suites | F7: Re-run the previously written ticket suites. | G7: They pass, allowing for fields now living inside collapsible sections that may need expanding first. | H7: High | I7: All
A8: TC-32-007 | B8: Deploy, schema and regression | C8: Reset | D8: Reset data clears the new tables | E8: An install with contacts and view sessions | F8: Run System > Reset data for the Customers and Tickets groups. | G8: customer_contacts and ticket_view_sessions are emptied along with their parents; users survive with a NULL customer link. | H8: Medium | I8: All
A9: TC-32-008 | B9: Deploy, schema and regression | C9: Pre-verify | D9: The application is usable between deploy and verify | E9: Code deployed, Database Verify NOT yet run | F9: Open the inbox, a ticket, the customers page and the settings screens. | G9: Everything renders. New features explain that Database Verify is needed rather than erroring. | H9: High | I9: All
A10: TC-32-009 | B10: Deploy, schema and regression | C10: Cache | D10: Browser caches do not serve stale assets | E10: A browser that used the previous release | F10: Deploy and reload without clearing the cache. | G10: The new inbox.js and customers.js are served, because their ?v= numbers changed. | H10: Medium | I10: All
